<?xml version="1.0" encoding="UTF-8"?>
<!DOCTYPE QtCreatorDebuggers>
<!-- Written by QtCreator 4.2.0, 2017-01-13T00:43:52. -->
<qtcreator>
 <data>
  <variable>DebuggerItem.0</variable>
  <valuemap type="QVariantMap">
   <valuelist type="QVariantList" key="Abis">
    <value type="QString">arm-unknown-unknown-unknown-32bit</value>
   </valuelist>
   <value type="bool" key="AutoDetected">false</value>
   <value type="QString" key="AutoDetectionSource"></value>
   <value type="QString" key="Binary">%UCCM100REPO%/gcc-49X/bin/arm-none-eabi-gdb-py.exe</value>
   <value type="QString" key="DisplayName">ARM-NONE-EABI-GDB</value>
   <value type="int" key="EngineType">1</value>
   <value type="QString" key="Id">{dafbaddb-8c81-4fa4-a745-de40857d9eb9}</value>
   <value type="QDateTime" key="LastModified"></value>
   <value type="QString" key="Version">7.8.0</value>
   <value type="QString" key="WorkingDirectory"></value>
  </valuemap>
 </data>
 <data>
  <variable>DebuggerItem.Count</variable>
  <value type="int">1</value>
 </data>
 <data>
  <variable>Version</variable>
  <value type="int">1</value>
 </data>
</qtcreator>
