<?xml version="1.0" encoding="UTF-8"?>
<!DOCTYPE QtCreatorDevices>
<!-- Written by QtCreator 4.2.0, 2017-01-13T00:44:21. -->
<qtcreator>
 <data>
  <variable>DeviceManager</variable>
  <valuemap type="QVariantMap">
   <valuemap type="QVariantMap" key="DefaultDevices">
    <value type="QString" key="Desktop">Desktop Device</value>
   </valuemap>
   <valuelist type="QVariantList" key="DeviceList">
    <valuemap type="QVariantMap">
     <value type="int" key="Authentication">1</value>
     <value type="QString" key="DebugServerKey"></value>
     <value type="QString" key="FreePortsSpec">30000-31000</value>
     <value type="QString" key="Host"></value>
     <value type="int" key="HostKeyChecking">0</value>
     <value type="QString" key="InternalId">Desktop Device</value>
     <value type="QString" key="KeyFile"></value>
     <value type="QString" key="Name">Local PC</value>
     <value type="int" key="Origin">1</value>
     <value type="QString" key="OsType">Desktop</value>
     <value type="QString" key="Password"></value>
     <value type="int" key="SshOptions">3</value>
     <value type="int" key="SshPort">0</value>
     <value type="int" key="Timeout">0</value>
     <value type="int" key="Type">0</value>
     <value type="QString" key="Uname"></value>
     <value type="int" key="Version">0</value>
    </valuemap>
   </valuelist>
  </valuemap>
 </data>
</qtcreator>
