<?xml version="1.0" encoding="UTF-8"?>
<!DOCTYPE QtCreatorProfiles>
<!-- Written by QtCreator 4.2.0, 2017-01-13T00:44:21. -->
<qtcreator>
 <data>
  <variable>Profile.0</variable>
  <valuemap type="QVariantMap">
   <value type="bool" key="PE.Profile.AutoDetected">false</value>
   <value type="QString" key="PE.Profile.AutoDetectionSource"></value>
   <valuemap type="QVariantMap" key="PE.Profile.Data">
    <value type="QString" key="Debugger.Information">{dafbaddb-8c81-4fa4-a745-de40857d9eb9}</value>
    <value type="QString" key="PE.Profile.Device">Desktop Device</value>
    <value type="QByteArray" key="PE.Profile.DeviceType">Desktop</value>
    <valuelist type="QVariantList" key="PE.Profile.Environment"/>
    <value type="QString" key="PE.Profile.SysRoot"></value>
    <valuemap type="QVariantMap" key="PE.Profile.ToolChains">
     <value type="QByteArray" key="C">{ba419fc2-b151-4848-862c-dd2fddde3a20}</value>
     <value type="QByteArray" key="Cxx"></value>
    </valuemap>
    <value type="int" key="QtSupport.QtInformation">-1</value>
   </valuemap>
   <value type="QString" key="PE.Profile.Icon"></value>
   <value type="QString" key="PE.Profile.Id">{ad2775bb-c909-468e-91cc-e79a31036fe3}</value>
   <valuelist type="QVariantList" key="PE.Profile.MutableInfo"/>
   <value type="QString" key="PE.Profile.Name">uC Cortex-M</value>
   <value type="bool" key="PE.Profile.SDK">false</value>
   <valuelist type="QVariantList" key="PE.Profile.StickyInfo"/>
  </valuemap>
 </data>
 <data>
  <variable>Profile.Count</variable>
  <value type="int">1</value>
 </data>
 <data>
  <variable>Profile.Default</variable>
  <value type="QString">{ad2775bb-c909-468e-91cc-e79a31036fe3}</value>
 </data>
 <data>
  <variable>Version</variable>
  <value type="int">1</value>
 </data>
</qtcreator>
