<?xml version="1.0" encoding="UTF-8"?>
<!DOCTYPE QtCreatorQtVersions>
<!-- Written by QtCreator 4.2.0, 2017-01-13T00:44:21. -->
<qtcreator>
 <data>
  <variable>QtVersion.0</variable>
  <valuemap type="QVariantMap">
   <value type="int" key="Id">2</value>
   <value type="QString" key="Name"></value>
   <value type="QString" key="QMakePath"></value>
   <value type="QString" key="QtVersion.Type"></value>
   <value type="bool" key="isAutodetected">false</value>
  </valuemap>
 </data>
 <data>
  <variable>Version</variable>
  <value type="int">1</value>
 </data>
</qtcreator>
