<?xml version="1.0" encoding="UTF-8"?>
<!DOCTYPE QtCreatorToolChains>
<!-- Written by QtCreator 4.2.0, 2017-01-13T00:44:21. -->
<qtcreator>
 <data>
  <variable>ToolChain.0</variable>
  <valuemap type="QVariantMap">
   <value type="QString" key="ProjectExplorer.GccToolChain.OriginalTargetTriple">arm-none-eabi</value>
   <value type="QString" key="ProjectExplorer.GccToolChain.Path">%UCCM100REPO%/gcc-49X/bin/arm-none-eabi-gcc.exe</value>
   <valuelist type="QVariantList" key="ProjectExplorer.GccToolChain.PlatformCodeGenFlags"/>
   <valuelist type="QVariantList" key="ProjectExplorer.GccToolChain.PlatformLinkerFlags"/>
   <valuelist type="QVariantList" key="ProjectExplorer.GccToolChain.SupportedAbis">
    <value type="QString">arm-unknown-unknown-unknown-32bit</value>
   </valuelist>
   <value type="QString" key="ProjectExplorer.GccToolChain.TargetAbi">arm-unknown-unknown-unknown-32bit</value>
   <value type="bool" key="ProjectExplorer.ToolChain.Autodetect">false</value>
   <value type="QString" key="ProjectExplorer.ToolChain.DisplayName">ARM-NONE-EABI-GCC</value>
   <value type="QString" key="ProjectExplorer.ToolChain.Id">ProjectExplorer.ToolChain.Gcc:{ba419fc2-b151-4848-862c-dd2fddde3a20}</value>
   <value type="int" key="ProjectExplorer.ToolChain.Language">1</value>
  </valuemap>
 </data>
 <data>
  <variable>ToolChain.Count</variable>
  <value type="int">1</value>
 </data>
 <data>
  <variable>Version</variable>
  <value type="int">1</value>
 </data>
</qtcreator>
